aerodrome,runway,length,width,tdze,ende,start_lat,start_lon,end_lat,end_lon
CYRP,10,3936,98,382,382,45.3188486,-76.0297853,45.3200812,-76.0145888
CYRP,28,3936,98,382,382,45.3200812,-76.0145888,45.3188486,-76.0297853
CNP3,10,3937,75,355,351,45.4106774,-76.3734046,45.4112901,-76.3580911
CNP3,28,3937,75,351,355,45.4112901,-76.3580911,45.4106774,-76.3734046
