aerodrome,runway,length,width,tdze,ende,start_lat,start_lon,end_lat,end_lon
CNP3,10,3937,75,355,351,45.4106774,-76.3734046,45.4112901,-76.3580911
CNP3,16,2360,50,350,351,45.4169791,-76.3678915,45.4113555,-76.3632414
CNP3,28,3937,75,351,355,45.4112901,-76.3580911,45.4106774,-76.3734046
CNP3,34,2360,50,351,350,45.4113555,-76.3632414,45.4169791,-76.3678915
CYRP,04,2204,65,375,361,45.3205471,-76.0274720,45.3259539,-76.0235345
CYRP,10,3936,98,382,382,45.3188486,-76.0297853,45.3200812,-76.0145888
CYRP,22,2204,65,361,375,45.3259539,-76.0235345,45.3205471,-76.0274720
CYRP,28,3936,98,382,382,45.3200812,-76.0145888,45.3188486,-76.0297853
